image_name,naive_bayes_prediction,cnn_prediction
image10000.jpg,Normal,Abnormal
image10001.jpg,Abnormal,Abnormal
image10002.jpg,Normal,Abnormal
image10003.jpg,Abnormal,Abnormal
image10004.jpg,Abnormal,Abnormal
image10005.jpg,Normal,Abnormal
image10006.jpg,Normal,Abnormal
image10007.jpg,Abnormal,Abnormal
image10008.jpg,Normal,Abnormal
image10009.jpg,Normal,Abnormal
image10010.jpg,Abnormal,Abnormal
image10011.jpg,Normal,Abnormal
image10012.jpg,Abnormal,Abnormal
image10013.jpg,Normal,Abnormal
image10014.jpg,Abnormal,Abnormal
image10015.jpg,Normal,Abnormal
image10016.jpg,Normal,Abnormal
image10017.jpg,Abnormal,Abnormal
image10018.jpg,Normal,Abnormal
image10019.jpg,Normal,Abnormal
image10020.jpg,Abnormal,Abnormal
image10021.jpg,Abnormal,Abnormal
image10022.jpg,Normal,Normal
image10023.jpg,Normal,Abnormal
image10024.jpg,Abnormal,Abnormal
image10025.jpg,Normal,Normal
image10026.jpg,Abnormal,Abnormal
image10027.jpg,Abnormal,Abnormal
image10028.jpg,Abnormal,Abnormal
image10029.jpg,Abnormal,Abnormal
image10030.jpg,Abnormal,Abnormal
image10031.jpg,Normal,Normal
image10032.jpg,Abnormal,Abnormal
image10033.jpg,Abnormal,Abnormal
image10034.jpg,Normal,Abnormal
image10035.jpg,Abnormal,Abnormal
image10036.jpg,Normal,Abnormal
image10037.jpg,Abnormal,Abnormal
image10038.jpg,Normal,Abnormal
image10039.jpg,Normal,Abnormal
image10040.jpg,Abnormal,Abnormal
image10041.jpg,Abnormal,Abnormal
image10042.jpg,Abnormal,Abnormal
image10043.jpg,Abnormal,Abnormal
image10044.jpg,Normal,Abnormal
image10045.jpg,Abnormal,Normal
image10046.jpg,Normal,Abnormal
image10047.jpg,Abnormal,Abnormal
image10048.jpg,Normal,Abnormal
image10049.jpg,Normal,Abnormal
image10050.jpg,Normal,Abnormal
image10051.jpg,Normal,Abnormal
image10052.jpg,Normal,Abnormal
image10053.jpg,Abnormal,Abnormal
image10054.jpg,Abnormal,Abnormal
image10055.jpg,Abnormal,Abnormal
image10056.jpg,Normal,Abnormal
image10057.jpg,Normal,Abnormal
image10058.jpg,Normal,Abnormal
image10059.jpg,Abnormal,Abnormal
image10060.jpg,Abnormal,Abnormal
image10061.jpg,Abnormal,Abnormal
image10062.jpg,Normal,Abnormal
image10063.jpg,Abnormal,Abnormal
image10064.jpg,Abnormal,Abnormal
image10065.jpg,Normal,Normal
image10066.jpg,Normal,Abnormal
image10067.jpg,Abnormal,Normal
image10068.jpg,Abnormal,Abnormal
image10069.jpg,Abnormal,Abnormal
image10070.jpg,Abnormal,Abnormal
image10071.jpg,Normal,Abnormal
image10072.jpg,Abnormal,Abnormal
image10073.jpg,Abnormal,Abnormal
image10074.jpg,Normal,Abnormal
image10075.jpg,Normal,Abnormal
image10076.jpg,Normal,Abnormal
image10077.jpg,Abnormal,Abnormal
image10078.jpg,Normal,Abnormal
image10079.jpg,Normal,Abnormal
image10080.jpg,Normal,Abnormal
image10081.jpg,Abnormal,Abnormal
image10082.jpg,Abnormal,Abnormal
image10083.jpg,Abnormal,Abnormal
image10084.jpg,Normal,Abnormal
image10085.jpg,Normal,Normal
image10086.jpg,Normal,Abnormal
image10087.jpg,Abnormal,Abnormal
image10088.jpg,Abnormal,Abnormal
image10089.jpg,Normal,Abnormal
image10090.jpg,Abnormal,Abnormal
image10091.jpg,Abnormal,Normal
image10092.jpg,Abnormal,Abnormal
image10093.jpg,Abnormal,Abnormal
image10094.jpg,Abnormal,Abnormal
image10095.jpg,Abnormal,Abnormal
image10096.jpg,Normal,Abnormal
image10097.jpg,Normal,Abnormal
image10098.jpg,Normal,Abnormal
image10099.jpg,Normal,Abnormal
image10100.jpg,Abnormal,Abnormal
image10101.jpg,Normal,Abnormal
image10102.jpg,Normal,Abnormal
image10103.jpg,Normal,Normal
image10104.jpg,Normal,Abnormal
image10105.jpg,Normal,Abnormal
image10106.jpg,Normal,Abnormal
image10107.jpg,Abnormal,Abnormal
image10108.jpg,Abnormal,Abnormal
image10109.jpg,Normal,Abnormal
image10110.jpg,Abnormal,Abnormal
image10111.jpg,Abnormal,Normal
image10112.jpg,Normal,Abnormal
image10113.jpg,Normal,Abnormal
image10114.jpg,Normal,Abnormal
image10115.jpg,Normal,Abnormal
image10116.jpg,Abnormal,Abnormal
image10117.jpg,Abnormal,Abnormal
image10118.jpg,Normal,Abnormal
image10119.jpg,Normal,Abnormal
image10120.jpg,Abnormal,Abnormal
image10121.jpg,Abnormal,Normal
image10122.jpg,Abnormal,Abnormal
image10123.jpg,Abnormal,Abnormal
image10124.jpg,Abnormal,Abnormal
image10125.jpg,Normal,Abnormal
image10126.jpg,Abnormal,Abnormal
image10127.jpg,Abnormal,Abnormal
image10128.jpg,Abnormal,Abnormal
image10129.jpg,Normal,Abnormal
image10130.jpg,Normal,Abnormal
image10131.jpg,Normal,Abnormal
image10132.jpg,Abnormal,Abnormal
image10133.jpg,Normal,Abnormal
image10134.jpg,Abnormal,Abnormal
image10135.jpg,Abnormal,Abnormal
image10136.jpg,Normal,Abnormal
image10137.jpg,Normal,Abnormal
image10138.jpg,Normal,Abnormal
image10139.jpg,Normal,Abnormal
image10140.jpg,Normal,Abnormal
image10141.jpg,Normal,Abnormal
image10142.jpg,Normal,Abnormal
image10143.jpg,Abnormal,Abnormal
image10144.jpg,Abnormal,Normal
image10145.jpg,Normal,Abnormal
image10146.jpg,Normal,Abnormal
image10147.jpg,Normal,Abnormal
image10148.jpg,Abnormal,Abnormal
image10149.jpg,Abnormal,Abnormal
image10150.jpg,Abnormal,Abnormal
image10151.jpg,Abnormal,Abnormal
image10152.jpg,Abnormal,Abnormal
image10153.jpg,Abnormal,Normal
image10154.jpg,Normal,Abnormal
image10155.jpg,Normal,Abnormal
image10156.jpg,Normal,Abnormal
image10157.jpg,Normal,Abnormal
image10158.jpg,Abnormal,Abnormal
image10159.jpg,Abnormal,Abnormal
image10160.jpg,Abnormal,Abnormal
image10161.jpg,Normal,Abnormal
image10162.jpg,Abnormal,Abnormal
image10163.jpg,Abnormal,Abnormal
image10164.jpg,Abnormal,Abnormal
image10165.jpg,Normal,Abnormal
image10166.jpg,Normal,Normal
image10167.jpg,Abnormal,Abnormal
image10168.jpg,Abnormal,Abnormal
image10169.jpg,Abnormal,Abnormal
image10170.jpg,Abnormal,Abnormal
image10171.jpg,Abnormal,Normal
image10172.jpg,Abnormal,Abnormal
image10173.jpg,Abnormal,Abnormal
image10174.jpg,Abnormal,Abnormal
image10175.jpg,Abnormal,Abnormal
image10176.jpg,Abnormal,Abnormal
image10177.jpg,Abnormal,Abnormal
image10178.jpg,Normal,Normal
image10179.jpg,Abnormal,Abnormal
image10180.jpg,Abnormal,Abnormal
image10181.jpg,Abnormal,Abnormal
image10182.jpg,Abnormal,Abnormal
image10183.jpg,Abnormal,Abnormal
image10184.jpg,Abnormal,Abnormal
image10185.jpg,Normal,Normal
image10186.jpg,Abnormal,Abnormal
image10187.jpg,Normal,Normal
image10188.jpg,Abnormal,Normal
image10189.jpg,Abnormal,Abnormal
image10190.jpg,Abnormal,Abnormal
image10191.jpg,Abnormal,Normal
image10192.jpg,Normal,Normal
image10193.jpg,Abnormal,Abnormal
image10194.jpg,Abnormal,Abnormal
image10195.jpg,Abnormal,Abnormal
image10196.jpg,Abnormal,Abnormal
image10197.jpg,Normal,Normal
image10198.jpg,Abnormal,Abnormal
image10199.jpg,Abnormal,Abnormal
image10200.jpg,Abnormal,Abnormal
image10201.jpg,Normal,Normal
image10202.jpg,Abnormal,Abnormal
image10203.jpg,Abnormal,Abnormal
image10204.jpg,Normal,Normal
image10205.jpg,Abnormal,Abnormal
image10206.jpg,Normal,Normal
image10207.jpg,Abnormal,Normal
image10208.jpg,Normal,Normal
image10209.jpg,Abnormal,Abnormal
image10210.jpg,Normal,Normal
image10211.jpg,Normal,Normal
image10212.jpg,Abnormal,Abnormal
image10213.jpg,Abnormal,Abnormal
image10214.jpg,Abnormal,Abnormal
image10215.jpg,Abnormal,Abnormal
image10216.jpg,Abnormal,Abnormal
image10217.jpg,Abnormal,Abnormal
image10218.jpg,Normal,Normal
image10219.jpg,Abnormal,Abnormal
image10220.jpg,Abnormal,Abnormal
image10221.jpg,Normal,Normal
image10222.jpg,Abnormal,Abnormal
image10223.jpg,Abnormal,Abnormal
image10224.jpg,Abnormal,Abnormal
image10225.jpg,Abnormal,Abnormal
image10226.jpg,Abnormal,Abnormal
image10227.jpg,Abnormal,Abnormal
image10228.jpg,Normal,Normal
image10229.jpg,Abnormal,Abnormal
image10230.jpg,Abnormal,Abnormal
image10231.jpg,Normal,Normal
image10232.jpg,Abnormal,Abnormal
image10233.jpg,Abnormal,Abnormal
image10234.jpg,Abnormal,Abnormal
image10235.jpg,Normal,Normal
image10236.jpg,Normal,Normal
image10237.jpg,Abnormal,Abnormal
image10238.jpg,Abnormal,Abnormal
image10239.jpg,Abnormal,Abnormal
image10240.jpg,Abnormal,Abnormal
image10241.jpg,Normal,Normal
image10242.jpg,Abnormal,Abnormal
image10243.jpg,Abnormal,Abnormal
image10244.jpg,Abnormal,Abnormal
image10245.jpg,Abnormal,Abnormal
image10246.jpg,Abnormal,Abnormal
image10247.jpg,Abnormal,Abnormal
image10248.jpg,Abnormal,Abnormal
image10249.jpg,Abnormal,Normal
image10250.jpg,Abnormal,Abnormal
image10251.jpg,Abnormal,Abnormal
image10252.jpg,Abnormal,Abnormal
image10253.jpg,Abnormal,Abnormal
image10254.jpg,Abnormal,Abnormal
image10255.jpg,Abnormal,Abnormal
image10256.jpg,Abnormal,Normal
image10257.jpg,Abnormal,Abnormal
image10258.jpg,Normal,Normal
image10259.jpg,Abnormal,Normal
image10260.jpg,Abnormal,Abnormal
image10261.jpg,Normal,Normal
image10262.jpg,Normal,Normal
image10263.jpg,Abnormal,Abnormal
image10264.jpg,Abnormal,Abnormal
image10265.jpg,Abnormal,Abnormal
image10266.jpg,Abnormal,Abnormal
image10267.jpg,Abnormal,Abnormal
image10268.jpg,Abnormal,Abnormal
image10269.jpg,Normal,Normal
image10270.jpg,Normal,Normal
image10271.jpg,Abnormal,Abnormal
image10272.jpg,Abnormal,Abnormal
image10273.jpg,Abnormal,Abnormal
image10274.jpg,Abnormal,Abnormal
image10275.jpg,Abnormal,Abnormal
image10276.jpg,Abnormal,Abnormal
image10277.jpg,Normal,Normal
image10278.jpg,Abnormal,Abnormal
image10279.jpg,Abnormal,Abnormal
image10280.jpg,Normal,Normal
image10281.jpg,Abnormal,Abnormal
image10282.jpg,Abnormal,Abnormal
image10283.jpg,Abnormal,Abnormal
image10284.jpg,Normal,Normal
image10285.jpg,Abnormal,Normal
image10286.jpg,Abnormal,Abnormal
image10287.jpg,Abnormal,Abnormal
image10288.jpg,Abnormal,Abnormal
image10289.jpg,Abnormal,Abnormal
image10290.jpg,Abnormal,Abnormal
image10291.jpg,Abnormal,Abnormal
image10292.jpg,Abnormal,Abnormal
image10293.jpg,Abnormal,Abnormal
image10294.jpg,Abnormal,Abnormal
image10295.jpg,Normal,Normal
image10296.jpg,Abnormal,Abnormal
image10297.jpg,Abnormal,Abnormal
image10298.jpg,Abnormal,Abnormal
image10299.jpg,Normal,Normal
image10300.jpg,Abnormal,Abnormal
image10301.jpg,Abnormal,Abnormal
image10302.jpg,Abnormal,Abnormal
image10303.jpg,Abnormal,Abnormal
image10304.jpg,Abnormal,Abnormal
image10305.jpg,Abnormal,Abnormal
image10306.jpg,Abnormal,Abnormal
image10307.jpg,Abnormal,Abnormal
image10308.jpg,Abnormal,Normal
image10309.jpg,Abnormal,Abnormal
image10310.jpg,Normal,Normal
image10311.jpg,Abnormal,Abnormal
image10312.jpg,Abnormal,Abnormal
image10313.jpg,Normal,Normal
image10314.jpg,Abnormal,Abnormal
image10315.jpg,Normal,Normal
image10316.jpg,Abnormal,Abnormal
image10317.jpg,Abnormal,Abnormal
image10318.jpg,Abnormal,Abnormal
image10319.jpg,Abnormal,Abnormal
image10320.jpg,Abnormal,Abnormal
image10321.jpg,Normal,Normal
image10322.jpg,Abnormal,Abnormal
image10323.jpg,Normal,Normal
image10324.jpg,Abnormal,Normal
image10325.jpg,Abnormal,Abnormal
image10326.jpg,Abnormal,Abnormal
image10327.jpg,Abnormal,Abnormal
image10328.jpg,Abnormal,Abnormal
image10329.jpg,Abnormal,Abnormal
image10330.jpg,Normal,Normal
image10331.jpg,Abnormal,Abnormal
image10332.jpg,Abnormal,Abnormal
image10333.jpg,Abnormal,Abnormal
image10334.jpg,Abnormal,Abnormal
image10335.jpg,Abnormal,Abnormal
image10336.jpg,Abnormal,Abnormal
image10337.jpg,Abnormal,Abnormal
image10338.jpg,Abnormal,Abnormal
image10339.jpg,Abnormal,Abnormal
image10340.jpg,Abnormal,Abnormal
image10341.jpg,Abnormal,Abnormal
image10342.jpg,Normal,Normal
image10343.jpg,Abnormal,Abnormal
image10344.jpg,Abnormal,Abnormal
image10345.jpg,Abnormal,Abnormal
image10346.jpg,Abnormal,Abnormal
image10347.jpg,Abnormal,Abnormal
image10348.jpg,Abnormal,Abnormal
image10349.jpg,Normal,Normal
image10350.jpg,Abnormal,Abnormal
image10351.jpg,Abnormal,Abnormal
image10352.jpg,Abnormal,Abnormal
image10353.jpg,Normal,Normal
image10354.jpg,Normal,Normal
image10355.jpg,Abnormal,Abnormal
image10356.jpg,Abnormal,Abnormal
image10357.jpg,Abnormal,Abnormal
image10358.jpg,Abnormal,Abnormal
image10359.jpg,Abnormal,Abnormal
image10360.jpg,Abnormal,Abnormal
image10361.jpg,Normal,Normal
image10362.jpg,Abnormal,Abnormal
image10363.jpg,Abnormal,Abnormal
image10364.jpg,Normal,Normal
image10365.jpg,Abnormal,Abnormal
image10366.jpg,Normal,Normal
image10367.jpg,Abnormal,Abnormal
image10368.jpg,Abnormal,Abnormal
image10369.jpg,Abnormal,Abnormal
image10370.jpg,Abnormal,Abnormal
image10371.jpg,Abnormal,Abnormal
image10372.jpg,Abnormal,Abnormal
image10373.jpg,Abnormal,Abnormal
image10374.jpg,Abnormal,Abnormal
image10375.jpg,Normal,Normal
image10376.jpg,Abnormal,Abnormal
image10377.jpg,Abnormal,Abnormal
image10378.jpg,Abnormal,Abnormal
image10379.jpg,Abnormal,Abnormal
image10380.jpg,Abnormal,Abnormal
image10381.jpg,Abnormal,Abnormal
image10382.jpg,Abnormal,Abnormal
image10383.jpg,Normal,Normal
image10384.jpg,Abnormal,Abnormal
image10385.jpg,Abnormal,Abnormal
image10386.jpg,Normal,Normal
image10387.jpg,Abnormal,Abnormal
image10388.jpg,Abnormal,Abnormal
image10389.jpg,Abnormal,Abnormal
image10390.jpg,Normal,Normal
image10391.jpg,Abnormal,Abnormal
image10392.jpg,Abnormal,Abnormal
image10393.jpg,Normal,Normal
image10394.jpg,Normal,Abnormal
image10395.jpg,Normal,Normal
image10396.jpg,Abnormal,Abnormal
image10397.jpg,Abnormal,Normal
image10398.jpg,Abnormal,Abnormal
image10399.jpg,Abnormal,Abnormal
image10400.jpg,Abnormal,Abnormal
image10401.jpg,Abnormal,Abnormal
image10402.jpg,Abnormal,Abnormal
image10403.jpg,Abnormal,Abnormal
image10404.jpg,Abnormal,Abnormal
image10405.jpg,Abnormal,Abnormal
image10406.jpg,Abnormal,Abnormal
image10407.jpg,Abnormal,Normal
image10408.jpg,Normal,Normal
image10409.jpg,Abnormal,Abnormal
image10410.jpg,Abnormal,Abnormal
image10411.jpg,Abnormal,Abnormal
image10412.jpg,Abnormal,Abnormal
image10413.jpg,Normal,Abnormal
image10414.jpg,Abnormal,Abnormal
image10415.jpg,Abnormal,Abnormal
image10416.jpg,Abnormal,Abnormal
image10417.jpg,Abnormal,Abnormal
image10418.jpg,Abnormal,Abnormal
image10419.jpg,Abnormal,Abnormal
image10420.jpg,Abnormal,Abnormal
image10421.jpg,Abnormal,Abnormal
image10422.jpg,Abnormal,Abnormal
image10423.jpg,Normal,Normal
image10424.jpg,Abnormal,Abnormal
image10425.jpg,Abnormal,Abnormal
image10426.jpg,Abnormal,Abnormal
image10427.jpg,Abnormal,Abnormal
image10428.jpg,Abnormal,Abnormal
image10429.jpg,Abnormal,Normal
image10430.jpg,Normal,Normal
image10431.jpg,Abnormal,Abnormal
image10432.jpg,Abnormal,Abnormal
image10433.jpg,Normal,Normal
image10434.jpg,Normal,Normal
image10435.jpg,Normal,Normal
image10436.jpg,Abnormal,Abnormal
image10437.jpg,Abnormal,Abnormal
image10438.jpg,Abnormal,Abnormal
image10439.jpg,Abnormal,Abnormal
image10440.jpg,Abnormal,Abnormal
image10441.jpg,Abnormal,Abnormal
image10442.jpg,Normal,Normal
image10443.jpg,Abnormal,Abnormal
image10444.jpg,Normal,Abnormal
image10445.jpg,Normal,Normal
image10446.jpg,Normal,Normal
image10447.jpg,Abnormal,Abnormal
image10448.jpg,Abnormal,Abnormal
image10449.jpg,Normal,Abnormal
image10450.jpg,Normal,Normal
image10451.jpg,Normal,Normal
image10452.jpg,Normal,Normal
image10453.jpg,Normal,Normal
image10454.jpg,Normal,Normal
image10455.jpg,Abnormal,Abnormal
image10456.jpg,Abnormal,Abnormal
image10457.jpg,Abnormal,Abnormal
image10458.jpg,Abnormal,Normal
image10459.jpg,Abnormal,Abnormal
image10460.jpg,Abnormal,Abnormal
image10461.jpg,Abnormal,Abnormal
image10462.jpg,Abnormal,Abnormal
image10463.jpg,Abnormal,Normal
image10464.jpg,Abnormal,Abnormal
image10465.jpg,Abnormal,Abnormal
image10466.jpg,Abnormal,Abnormal
image10467.jpg,Normal,Normal
image10468.jpg,Abnormal,Abnormal
image10469.jpg,Normal,Normal
image10470.jpg,Abnormal,Abnormal
image10471.jpg,Normal,Normal
image10472.jpg,Normal,Normal
image10473.jpg,Abnormal,Abnormal
image10474.jpg,Normal,Normal
image10475.jpg,Abnormal,Abnormal
image10476.jpg,Normal,Normal
image10477.jpg,Normal,Abnormal
image10478.jpg,Abnormal,Abnormal
image10479.jpg,Abnormal,Abnormal
image10480.jpg,Abnormal,Abnormal
image10481.jpg,Abnormal,Abnormal
image10482.jpg,Abnormal,Abnormal
image10483.jpg,Abnormal,Abnormal
image10484.jpg,Abnormal,Abnormal
image10485.jpg,Abnormal,Normal
image10486.jpg,Abnormal,Abnormal
image10487.jpg,Abnormal,Abnormal
image10488.jpg,Abnormal,Abnormal
image10489.jpg,Abnormal,Abnormal
image10490.jpg,Abnormal,Abnormal
image10491.jpg,Abnormal,Abnormal
image10492.jpg,Abnormal,Abnormal
image10493.jpg,Abnormal,Abnormal
image10494.jpg,Abnormal,Abnormal
image10495.jpg,Abnormal,Abnormal
image10496.jpg,Abnormal,Abnormal
image10497.jpg,Abnormal,Abnormal
image10498.jpg,Normal,Normal
image10499.jpg,Normal,Normal
image10500.jpg,Abnormal,Abnormal
image10501.jpg,Abnormal,Abnormal
image10502.jpg,Abnormal,Abnormal
image10503.jpg,Abnormal,Abnormal
image10504.jpg,Abnormal,Abnormal
image10505.jpg,Abnormal,Abnormal
image10506.jpg,Abnormal,Abnormal
image10507.jpg,Normal,Normal
image10508.jpg,Normal,Normal
image10509.jpg,Normal,Normal
image10510.jpg,Abnormal,Abnormal
image10511.jpg,Abnormal,Abnormal
image10512.jpg,Normal,Abnormal
image10513.jpg,Abnormal,Abnormal
image10514.jpg,Abnormal,Abnormal
image10515.jpg,Abnormal,Abnormal
image10516.jpg,Abnormal,Abnormal
image10517.jpg,Abnormal,Normal
image10518.jpg,Abnormal,Abnormal
image10519.jpg,Abnormal,Normal
image10520.jpg,Abnormal,Abnormal
image10521.jpg,Abnormal,Normal
image10522.jpg,Abnormal,Abnormal
image10523.jpg,Abnormal,Abnormal
image10524.jpg,Abnormal,Abnormal
image10525.jpg,Abnormal,Abnormal
image10526.jpg,Normal,Normal
image10527.jpg,Abnormal,Abnormal
image10528.jpg,Abnormal,Abnormal
image10529.jpg,Abnormal,Abnormal
image10530.jpg,Normal,Normal
image10531.jpg,Normal,Normal
image10532.jpg,Abnormal,Abnormal
image10533.jpg,Abnormal,Abnormal
image10534.jpg,Normal,Normal
image10535.jpg,Abnormal,Abnormal
image10536.jpg,Normal,Abnormal
image10537.jpg,Abnormal,Abnormal
image10538.jpg,Abnormal,Abnormal
image10539.jpg,Abnormal,Abnormal
image10540.jpg,Abnormal,Abnormal
image10541.jpg,Normal,Normal
image10542.jpg,Abnormal,Abnormal
image10543.jpg,Normal,Normal
image10544.jpg,Normal,Normal
image10545.jpg,Abnormal,Normal
image10546.jpg,Abnormal,Abnormal
image10547.jpg,Abnormal,Abnormal
image10548.jpg,Abnormal,Abnormal
image10549.jpg,Abnormal,Abnormal
image10550.jpg,Normal,Normal
image10551.jpg,Abnormal,Abnormal
image10552.jpg,Abnormal,Abnormal
image10553.jpg,Abnormal,Abnormal
image10554.jpg,Abnormal,Abnormal
image10555.jpg,Abnormal,Abnormal
image10556.jpg,Abnormal,Abnormal
image10557.jpg,Normal,Normal
image10558.jpg,Abnormal,Abnormal
image10559.jpg,Abnormal,Abnormal
image10560.jpg,Abnormal,Abnormal
image10561.jpg,Normal,Abnormal
image10562.jpg,Abnormal,Abnormal
image10563.jpg,Abnormal,Abnormal
image10564.jpg,Normal,Normal
image10565.jpg,Abnormal,Abnormal
image10566.jpg,Abnormal,Abnormal
image10567.jpg,Normal,Normal
image10568.jpg,Abnormal,Abnormal
image10569.jpg,Abnormal,Abnormal
image10570.jpg,Abnormal,Abnormal
image10571.jpg,Abnormal,Abnormal
image10572.jpg,Normal,Normal
image10573.jpg,Abnormal,Abnormal
image10574.jpg,Normal,Normal
image10575.jpg,Abnormal,Normal
image10576.jpg,Abnormal,Abnormal
image10577.jpg,Abnormal,Abnormal
image10578.jpg,Abnormal,Abnormal
image10579.jpg,Abnormal,Abnormal
image10580.jpg,Normal,Normal
image10581.jpg,Normal,Normal
image10582.jpg,Abnormal,Abnormal
image10583.jpg,Abnormal,Abnormal
image10584.jpg,Abnormal,Abnormal
image10585.jpg,Abnormal,Abnormal
image10586.jpg,Normal,Normal
image10587.jpg,Abnormal,Abnormal
image10588.jpg,Abnormal,Abnormal
image10589.jpg,Abnormal,Abnormal
image10590.jpg,Normal,Normal
image10591.jpg,Normal,Normal
image10592.jpg,Abnormal,Abnormal
image10593.jpg,Abnormal,Abnormal
image10594.jpg,Abnormal,Abnormal
image10595.jpg,Abnormal,Abnormal
image10596.jpg,Abnormal,Abnormal
image10597.jpg,Normal,Normal
image10598.jpg,Abnormal,Abnormal
image10599.jpg,Abnormal,Abnormal
image10600.jpg,Abnormal,Abnormal
image10601.jpg,Abnormal,Abnormal
image10602.jpg,Abnormal,Abnormal
image10603.jpg,Abnormal,Abnormal
image10604.jpg,Abnormal,Abnormal
image10605.jpg,Abnormal,Abnormal
image10606.jpg,Abnormal,Abnormal
image10607.jpg,Abnormal,Abnormal
image10608.jpg,Abnormal,Abnormal
image10609.jpg,Abnormal,Abnormal
image10610.jpg,Abnormal,Abnormal
image10611.jpg,Abnormal,Abnormal
image10612.jpg,Abnormal,Abnormal
image10613.jpg,Abnormal,Abnormal
image10614.jpg,Abnormal,Abnormal
image10615.jpg,Abnormal,Abnormal
image10616.jpg,Normal,Normal
image10617.jpg,Abnormal,Abnormal
image10618.jpg,Abnormal,Abnormal
image10619.jpg,Abnormal,Abnormal
image10620.jpg,Abnormal,Abnormal
image10621.jpg,Abnormal,Abnormal
image10622.jpg,Abnormal,Abnormal
image10623.jpg,Normal,Normal
image10624.jpg,Abnormal,Abnormal
image10625.jpg,Normal,Normal
image10626.jpg,Abnormal,Normal
image10627.jpg,Abnormal,Abnormal
image10628.jpg,Abnormal,Abnormal
image10629.jpg,Abnormal,Abnormal
image10630.jpg,Abnormal,Abnormal
image10631.jpg,Abnormal,Abnormal
image10632.jpg,Abnormal,Abnormal
image10633.jpg,Abnormal,Abnormal
image10634.jpg,Normal,Normal
image10635.jpg,Normal,Normal
image10636.jpg,Abnormal,Abnormal
image10637.jpg,Abnormal,Abnormal
image10638.jpg,Abnormal,Abnormal
image10639.jpg,Abnormal,Abnormal
image10640.jpg,Abnormal,Abnormal
image10641.jpg,Normal,Normal
image10642.jpg,Abnormal,Abnormal
image10643.jpg,Abnormal,Abnormal
image10644.jpg,Abnormal,Abnormal
image10645.jpg,Abnormal,Abnormal
image10646.jpg,Normal,Normal
image10647.jpg,Abnormal,Abnormal
image10648.jpg,Normal,Normal
image10649.jpg,Abnormal,Abnormal
image10650.jpg,Abnormal,Abnormal
image10651.jpg,Normal,Normal
image10652.jpg,Abnormal,Abnormal
image10653.jpg,Abnormal,Abnormal
image10654.jpg,Normal,Normal
image10655.jpg,Normal,Normal
image10656.jpg,Normal,Normal
image10657.jpg,Abnormal,Abnormal
image10658.jpg,Normal,Normal
image10659.jpg,Normal,Normal
image10660.jpg,Abnormal,Abnormal
image10661.jpg,Abnormal,Abnormal
image10662.jpg,Abnormal,Abnormal
image10663.jpg,Abnormal,Abnormal
image10664.jpg,Abnormal,Abnormal
image10665.jpg,Abnormal,Abnormal
image10666.jpg,Normal,Normal
image10667.jpg,Abnormal,Abnormal
image10668.jpg,Abnormal,Abnormal
image10669.jpg,Normal,Normal
image10670.jpg,Abnormal,Abnormal
image10671.jpg,Abnormal,Abnormal
image10672.jpg,Abnormal,Abnormal
image10673.jpg,Abnormal,Abnormal
image10674.jpg,Abnormal,Abnormal
image10675.jpg,Abnormal,Abnormal
image10676.jpg,Abnormal,Abnormal
image10677.jpg,Abnormal,Normal
image10678.jpg,Abnormal,Normal
image10679.jpg,Abnormal,Abnormal
image10680.jpg,Normal,Normal
image10681.jpg,Abnormal,Abnormal
image10682.jpg,Abnormal,Abnormal
image10683.jpg,Abnormal,Abnormal
image10684.jpg,Abnormal,Abnormal
image10685.jpg,Abnormal,Abnormal
image10686.jpg,Abnormal,Abnormal
image10687.jpg,Abnormal,Abnormal
image10688.jpg,Normal,Normal
image10689.jpg,Normal,Normal
image10690.jpg,Abnormal,Abnormal
image10691.jpg,Abnormal,Abnormal
image10692.jpg,Abnormal,Abnormal
image10693.jpg,Abnormal,Abnormal
image10694.jpg,Abnormal,Abnormal
image10695.jpg,Abnormal,Abnormal
image10696.jpg,Abnormal,Abnormal
image10697.jpg,Normal,Normal
image10698.jpg,Abnormal,Abnormal
image10699.jpg,Abnormal,Abnormal
image10700.jpg,Abnormal,Abnormal
image10701.jpg,Abnormal,Abnormal
image10702.jpg,Abnormal,Abnormal
image10703.jpg,Abnormal,Normal
image10704.jpg,Abnormal,Abnormal
image10705.jpg,Abnormal,Abnormal
image10706.jpg,Abnormal,Abnormal
image10707.jpg,Abnormal,Normal
image10708.jpg,Abnormal,Abnormal
image10709.jpg,Abnormal,Abnormal
image10710.jpg,Abnormal,Abnormal
image10711.jpg,Abnormal,Abnormal
image10712.jpg,Normal,Normal
image10713.jpg,Abnormal,Abnormal
image10714.jpg,Abnormal,Abnormal
image10715.jpg,Abnormal,Abnormal
image10716.jpg,Abnormal,Abnormal
image10717.jpg,Abnormal,Abnormal
image10718.jpg,Abnormal,Abnormal
image10719.jpg,Abnormal,Abnormal
image10720.jpg,Normal,Normal
image10721.jpg,Abnormal,Normal
image10722.jpg,Abnormal,Abnormal
image10723.jpg,Abnormal,Abnormal
image10724.jpg,Normal,Normal
image10725.jpg,Abnormal,Abnormal
image10726.jpg,Abnormal,Normal
image10727.jpg,Abnormal,Abnormal
image10728.jpg,Abnormal,Abnormal
image10729.jpg,Abnormal,Abnormal
image10730.jpg,Abnormal,Abnormal
image10731.jpg,Abnormal,Abnormal
image10732.jpg,Abnormal,Abnormal
image10733.jpg,Abnormal,Abnormal
image10734.jpg,Abnormal,Abnormal
image10735.jpg,Abnormal,Abnormal
image10736.jpg,Abnormal,Abnormal
image10737.jpg,Normal,Normal
image10738.jpg,Abnormal,Abnormal
image10739.jpg,Abnormal,Abnormal
image10740.jpg,Abnormal,Normal
image10741.jpg,Abnormal,Abnormal
image10742.jpg,Normal,Normal
image10743.jpg,Abnormal,Abnormal
image10744.jpg,Abnormal,Abnormal
image10745.jpg,Normal,Normal
image10746.jpg,Abnormal,Abnormal
image10747.jpg,Normal,Abnormal
image10748.jpg,Normal,Normal
image10749.jpg,Abnormal,Abnormal
image10750.jpg,Abnormal,Abnormal
image10751.jpg,Abnormal,Abnormal
image10752.jpg,Abnormal,Abnormal
image10753.jpg,Abnormal,Abnormal
image10754.jpg,Normal,Abnormal
image10755.jpg,Abnormal,Abnormal
image10756.jpg,Normal,Abnormal
image10757.jpg,Abnormal,Abnormal
image10758.jpg,Abnormal,Abnormal
image10759.jpg,Abnormal,Abnormal
image10760.jpg,Abnormal,Abnormal
image10761.jpg,Normal,Normal
image10762.jpg,Abnormal,Abnormal
image10763.jpg,Abnormal,Normal
image10764.jpg,Abnormal,Abnormal
image10765.jpg,Abnormal,Abnormal
image10766.jpg,Abnormal,Abnormal
image10767.jpg,Normal,Normal
image10768.jpg,Abnormal,Abnormal
image10769.jpg,Abnormal,Abnormal
image10770.jpg,Abnormal,Abnormal
image10771.jpg,Normal,Normal
image10772.jpg,Abnormal,Abnormal
image10773.jpg,Abnormal,Abnormal
image10774.jpg,Abnormal,Abnormal
image10775.jpg,Abnormal,Abnormal
image10776.jpg,Abnormal,Abnormal
image10777.jpg,Normal,Normal
image10778.jpg,Abnormal,Abnormal
image10779.jpg,Abnormal,Abnormal
image10780.jpg,Abnormal,Abnormal
image10781.jpg,Abnormal,Abnormal
image10782.jpg,Abnormal,Abnormal
image10783.jpg,Abnormal,Abnormal
image10784.jpg,Normal,Normal
image10785.jpg,Abnormal,Abnormal
image10786.jpg,Abnormal,Abnormal
image10787.jpg,Abnormal,Abnormal
image10788.jpg,Normal,Normal
image10789.jpg,Abnormal,Abnormal
image10790.jpg,Normal,Normal
image10791.jpg,Abnormal,Abnormal
image10792.jpg,Abnormal,Abnormal
image10793.jpg,Abnormal,Abnormal
image10794.jpg,Abnormal,Abnormal
image10795.jpg,Normal,Normal
image10796.jpg,Abnormal,Abnormal
image10797.jpg,Abnormal,Abnormal
image10798.jpg,Normal,Normal
image10799.jpg,Abnormal,Abnormal
image10800.jpg,Abnormal,Abnormal
image10801.jpg,Abnormal,Abnormal
image10802.jpg,Abnormal,Abnormal
image10803.jpg,Abnormal,Abnormal
image10804.jpg,Abnormal,Abnormal
image10805.jpg,Abnormal,Abnormal
image10806.jpg,Abnormal,Abnormal
image10807.jpg,Normal,Normal
image10808.jpg,Abnormal,Abnormal
image10809.jpg,Normal,Normal
image10810.jpg,Abnormal,Abnormal
image10811.jpg,Abnormal,Abnormal
image10812.jpg,Normal,Normal
image10813.jpg,Normal,Normal
image10814.jpg,Abnormal,Abnormal
image10815.jpg,Abnormal,Abnormal
image10816.jpg,Abnormal,Abnormal
image10817.jpg,Abnormal,Abnormal
image10818.jpg,Abnormal,Abnormal
image10819.jpg,Normal,Normal
image10820.jpg,Abnormal,Abnormal
image10821.jpg,Abnormal,Abnormal
image10822.jpg,Normal,Normal
image10823.jpg,Abnormal,Abnormal
image10824.jpg,Abnormal,Abnormal
image10825.jpg,Abnormal,Abnormal
image10826.jpg,Normal,Normal
image10827.jpg,Abnormal,Abnormal
image10828.jpg,Abnormal,Abnormal
image10829.jpg,Normal,Normal
image10830.jpg,Abnormal,Abnormal
image10831.jpg,Normal,Normal
image10832.jpg,Abnormal,Abnormal
image10833.jpg,Abnormal,Abnormal
image10834.jpg,Abnormal,Abnormal
image10835.jpg,Abnormal,Abnormal
image10836.jpg,Abnormal,Abnormal
image10837.jpg,Abnormal,Abnormal
image10838.jpg,Abnormal,Abnormal
image10839.jpg,Abnormal,Abnormal
image10840.jpg,Abnormal,Normal
image10841.jpg,Normal,Normal
image10842.jpg,Abnormal,Abnormal
image10843.jpg,Abnormal,Abnormal
image10844.jpg,Abnormal,Abnormal
image10845.jpg,Abnormal,Abnormal
image10846.jpg,Normal,Abnormal
image10847.jpg,Abnormal,Abnormal
image10848.jpg,Abnormal,Abnormal
image10849.jpg,Abnormal,Abnormal
image10850.jpg,Abnormal,Abnormal
image10851.jpg,Abnormal,Abnormal
image10852.jpg,Abnormal,Abnormal
image10853.jpg,Abnormal,Abnormal
image10854.jpg,Abnormal,Abnormal
image10855.jpg,Abnormal,Abnormal
image10856.jpg,Normal,Normal
image10857.jpg,Abnormal,Abnormal
image10858.jpg,Abnormal,Abnormal
image10859.jpg,Abnormal,Normal
image10860.jpg,Normal,Normal
image10861.jpg,Abnormal,Abnormal
image10862.jpg,Abnormal,Abnormal
image10863.jpg,Normal,Normal
image10864.jpg,Normal,Normal
image10865.jpg,Normal,Normal
image10866.jpg,Abnormal,Abnormal
image10867.jpg,Abnormal,Abnormal
image10868.jpg,Abnormal,Abnormal
image10869.jpg,Abnormal,Abnormal
image10870.jpg,Normal,Abnormal
image10871.jpg,Abnormal,Abnormal
image10872.jpg,Normal,Normal
image10873.jpg,Abnormal,Abnormal
image10874.jpg,Normal,Normal
image10875.jpg,Normal,Normal
image10876.jpg,Abnormal,Abnormal
image10877.jpg,Abnormal,Abnormal
image10878.jpg,Normal,Normal
image10879.jpg,Abnormal,Abnormal
image10880.jpg,Abnormal,Abnormal
image10881.jpg,Normal,Normal
image10882.jpg,Abnormal,Abnormal
image10883.jpg,Normal,Normal
image10884.jpg,Normal,Normal
image10885.jpg,Normal,Normal
image10886.jpg,Normal,Normal
image10887.jpg,Abnormal,Abnormal
image10888.jpg,Normal,Normal
image10889.jpg,Normal,Abnormal
image10890.jpg,Abnormal,Abnormal
image10891.jpg,Abnormal,Abnormal
image10892.jpg,Abnormal,Abnormal
image10893.jpg,Abnormal,Abnormal
image10894.jpg,Abnormal,Abnormal
image10895.jpg,Abnormal,Abnormal
image10896.jpg,Abnormal,Abnormal
image10897.jpg,Abnormal,Abnormal
image10898.jpg,Abnormal,Normal
image10899.jpg,Abnormal,Abnormal
image10900.jpg,Abnormal,Abnormal
image10901.jpg,Abnormal,Abnormal
image10902.jpg,Abnormal,Abnormal
image10903.jpg,Abnormal,Abnormal
image10904.jpg,Normal,Normal
image10905.jpg,Abnormal,Abnormal
image10906.jpg,Normal,Normal
image10907.jpg,Abnormal,Abnormal
image10908.jpg,Abnormal,Abnormal
image10909.jpg,Abnormal,Abnormal
image10910.jpg,Abnormal,Normal
image10911.jpg,Abnormal,Abnormal
image10912.jpg,Abnormal,Abnormal
image10913.jpg,Normal,Abnormal
image10914.jpg,Normal,Normal
image10915.jpg,Abnormal,Abnormal
image10916.jpg,Abnormal,Abnormal
image10917.jpg,Abnormal,Abnormal
image10918.jpg,Normal,Normal
image10919.jpg,Abnormal,Abnormal
image10920.jpg,Abnormal,Abnormal
image10921.jpg,Abnormal,Abnormal
image10922.jpg,Normal,Abnormal
image10923.jpg,Abnormal,Abnormal
image10924.jpg,Abnormal,Abnormal
image10925.jpg,Abnormal,Abnormal
image10926.jpg,Abnormal,Abnormal
image10927.jpg,Abnormal,Abnormal
image10928.jpg,Abnormal,Abnormal
image10929.jpg,Abnormal,Abnormal
image10930.jpg,Abnormal,Abnormal
image10931.jpg,Normal,Normal
image10932.jpg,Normal,Normal
image10933.jpg,Abnormal,Normal
image10934.jpg,Abnormal,Abnormal
image10935.jpg,Abnormal,Abnormal
image10936.jpg,Abnormal,Abnormal
image10937.jpg,Abnormal,Abnormal
image10938.jpg,Abnormal,Abnormal
image10939.jpg,Abnormal,Abnormal
image10940.jpg,Abnormal,Abnormal
image10941.jpg,Abnormal,Abnormal
image10942.jpg,Abnormal,Abnormal
image10943.jpg,Abnormal,Abnormal
image10944.jpg,Abnormal,Abnormal
image10945.jpg,Abnormal,Normal
image10946.jpg,Abnormal,Abnormal
image10947.jpg,Abnormal,Abnormal
image10948.jpg,Normal,Normal
image10949.jpg,Abnormal,Abnormal
image10950.jpg,Normal,Abnormal
image10951.jpg,Abnormal,Normal
image10952.jpg,Abnormal,Abnormal
image10953.jpg,Abnormal,Abnormal
image10954.jpg,Normal,Normal
image10955.jpg,Abnormal,Abnormal
image10956.jpg,Abnormal,Abnormal
image10957.jpg,Abnormal,Abnormal
image10958.jpg,Abnormal,Abnormal
image10959.jpg,Abnormal,Abnormal
image10960.jpg,Abnormal,Abnormal
image10961.jpg,Abnormal,Abnormal
image10962.jpg,Normal,Normal
image10963.jpg,Abnormal,Abnormal
image10964.jpg,Abnormal,Abnormal
image10965.jpg,Normal,Abnormal
image10966.jpg,Abnormal,Abnormal
image10967.jpg,Abnormal,Abnormal
image10968.jpg,Abnormal,Abnormal
image10969.jpg,Normal,Normal
image10970.jpg,Abnormal,Abnormal
image10971.jpg,Abnormal,Abnormal
image10972.jpg,Normal,Abnormal
image10973.jpg,Normal,Normal
image10974.jpg,Normal,Abnormal
image10975.jpg,Abnormal,Abnormal
image10976.jpg,Normal,Normal
image10977.jpg,Normal,Normal
image10978.jpg,Abnormal,Normal
image10979.jpg,Abnormal,Abnormal
image10980.jpg,Abnormal,Abnormal
image10981.jpg,Abnormal,Abnormal
image10982.jpg,Abnormal,Abnormal
image10983.jpg,Abnormal,Abnormal
image10984.jpg,Abnormal,Abnormal
image10985.jpg,Normal,Normal
image10986.jpg,Abnormal,Abnormal
image10987.jpg,Abnormal,Abnormal
image10988.jpg,Abnormal,Abnormal
image10989.jpg,Abnormal,Abnormal
image10990.jpg,Abnormal,Abnormal
image10991.jpg,Normal,Normal
image10992.jpg,Normal,Abnormal
image10993.jpg,Abnormal,Abnormal
image10994.jpg,Abnormal,Normal
image10995.jpg,Abnormal,Abnormal
image10996.jpg,Abnormal,Abnormal
image10997.jpg,Abnormal,Abnormal
image10998.jpg,Abnormal,Abnormal
image10999.jpg,Abnormal,Abnormal
image11000.jpg,Normal,Abnormal
image11001.jpg,Abnormal,Abnormal
image11002.jpg,Normal,Abnormal
image11003.jpg,Abnormal,Abnormal
image11004.jpg,Normal,Abnormal
image11005.jpg,Abnormal,Abnormal
image11006.jpg,Normal,Abnormal
image11007.jpg,Abnormal,Abnormal
image11008.jpg,Abnormal,Abnormal
image11009.jpg,Normal,Abnormal
image11010.jpg,Normal,Abnormal
image11011.jpg,Abnormal,Abnormal
image11012.jpg,Normal,Abnormal
image11013.jpg,Normal,Abnormal
image11014.jpg,Normal,Abnormal
image11015.jpg,Normal,Abnormal
image11016.jpg,Abnormal,Abnormal
image11017.jpg,Normal,Abnormal
image11018.jpg,Normal,Abnormal
image11019.jpg,Normal,Abnormal
image11020.jpg,Normal,Abnormal
image11021.jpg,Normal,Abnormal
image11022.jpg,Abnormal,Abnormal
image11023.jpg,Abnormal,Abnormal
image11024.jpg,Normal,Abnormal
image11025.jpg,Normal,Abnormal
image11026.jpg,Normal,Abnormal
image11027.jpg,Normal,Abnormal
image11028.jpg,Normal,Abnormal
image11029.jpg,Normal,Abnormal
image11030.jpg,Normal,Abnormal
image11031.jpg,Normal,Abnormal
image11032.jpg,Abnormal,Abnormal
image11033.jpg,Normal,Abnormal
image11034.jpg,Normal,Abnormal
image11035.jpg,Normal,Abnormal
image11036.jpg,Normal,Abnormal
image11037.jpg,Normal,Abnormal
image11038.jpg,Normal,Abnormal
image11039.jpg,Normal,Abnormal
image11040.jpg,Normal,Abnormal
image11041.jpg,Normal,Abnormal
image11042.jpg,Normal,Abnormal
image11043.jpg,Normal,Abnormal
image11044.jpg,Normal,Abnormal
image11045.jpg,Normal,Abnormal
image11046.jpg,Normal,Abnormal
image11047.jpg,Normal,Abnormal
image11048.jpg,Normal,Abnormal
image11049.jpg,Abnormal,Abnormal
image11050.jpg,Normal,Abnormal
image11051.jpg,Abnormal,Abnormal
image11052.jpg,Normal,Abnormal
image11053.jpg,Abnormal,Abnormal
image11054.jpg,Normal,Abnormal
image11055.jpg,Normal,Abnormal
image11056.jpg,Normal,Abnormal
image11057.jpg,Normal,Abnormal
image11058.jpg,Normal,Abnormal
image11059.jpg,Normal,Abnormal
image11060.jpg,Abnormal,Abnormal
image11061.jpg,Normal,Abnormal
image11062.jpg,Abnormal,Abnormal
image11063.jpg,Abnormal,Abnormal
image11064.jpg,Normal,Abnormal
image11065.jpg,Normal,Abnormal
image11066.jpg,Normal,Abnormal
image11067.jpg,Abnormal,Abnormal
image11068.jpg,Abnormal,Abnormal
image11069.jpg,Normal,Abnormal
image11070.jpg,Abnormal,Abnormal
image11071.jpg,Normal,Abnormal
image11072.jpg,Normal,Abnormal
image11073.jpg,Normal,Abnormal
image11074.jpg,Abnormal,Abnormal
image11075.jpg,Abnormal,Abnormal
image11076.jpg,Abnormal,Abnormal
image11077.jpg,Abnormal,Abnormal
image11078.jpg,Abnormal,Abnormal
image11079.jpg,Abnormal,Abnormal
image11080.jpg,Normal,Abnormal
image11081.jpg,Abnormal,Abnormal
image11082.jpg,Abnormal,Abnormal
image11083.jpg,Abnormal,Abnormal
image11084.jpg,Abnormal,Abnormal
image11085.jpg,Normal,Abnormal
image11086.jpg,Abnormal,Abnormal
image11087.jpg,Normal,Abnormal
image11088.jpg,Normal,Abnormal
image11089.jpg,Normal,Abnormal
image11090.jpg,Abnormal,Abnormal
image11091.jpg,Normal,Abnormal
image11092.jpg,Normal,Abnormal
image11093.jpg,Normal,Abnormal
image11094.jpg,Abnormal,Abnormal
image11095.jpg,Normal,Abnormal
image11096.jpg,Abnormal,Abnormal
image11097.jpg,Normal,Abnormal
image11098.jpg,Normal,Abnormal
image11099.jpg,Abnormal,Abnormal
image11100.jpg,Normal,Abnormal
image11101.jpg,Abnormal,Abnormal
image11102.jpg,Abnormal,Abnormal
image11103.jpg,Abnormal,Abnormal
image11104.jpg,Abnormal,Abnormal
image11105.jpg,Normal,Abnormal
image11106.jpg,Abnormal,Abnormal
image11107.jpg,Abnormal,Abnormal
image11108.jpg,Normal,Abnormal
image11109.jpg,Abnormal,Abnormal
image11110.jpg,Abnormal,Abnormal
image11111.jpg,Abnormal,Abnormal
image11112.jpg,Abnormal,Abnormal
image11113.jpg,Abnormal,Abnormal
image11114.jpg,Abnormal,Abnormal
image11115.jpg,Abnormal,Abnormal
image11116.jpg,Abnormal,Abnormal
image11117.jpg,Abnormal,Abnormal
image11118.jpg,Abnormal,Abnormal
image11119.jpg,Abnormal,Abnormal
image11120.jpg,Abnormal,Abnormal
image11121.jpg,Abnormal,Abnormal
image11122.jpg,Abnormal,Abnormal
image11123.jpg,Abnormal,Abnormal
image11124.jpg,Abnormal,Abnormal
image11125.jpg,Abnormal,Abnormal
image11126.jpg,Abnormal,Abnormal
image11127.jpg,Abnormal,Abnormal
image11128.jpg,Abnormal,Abnormal
image11129.jpg,Abnormal,Abnormal
image11130.jpg,Abnormal,Abnormal
image11131.jpg,Abnormal,Abnormal
image11132.jpg,Abnormal,Abnormal
image11133.jpg,Abnormal,Abnormal
image11134.jpg,Abnormal,Abnormal
image11135.jpg,Abnormal,Abnormal
image11136.jpg,Abnormal,Abnormal
image11137.jpg,Normal,Abnormal
image11138.jpg,Abnormal,Abnormal
image11139.jpg,Normal,Abnormal
image11140.jpg,Abnormal,Abnormal
image11141.jpg,Abnormal,Abnormal
image11142.jpg,Abnormal,Abnormal
image11143.jpg,Abnormal,Abnormal
image11144.jpg,Abnormal,Abnormal
image11145.jpg,Abnormal,Abnormal
image11146.jpg,Abnormal,Abnormal
image11147.jpg,Abnormal,Abnormal
image11148.jpg,Abnormal,Abnormal
image11149.jpg,Abnormal,Abnormal
image11150.jpg,Abnormal,Abnormal
image11151.jpg,Abnormal,Abnormal
image11152.jpg,Abnormal,Abnormal
image11153.jpg,Abnormal,Abnormal
image11154.jpg,Abnormal,Abnormal
image11155.jpg,Abnormal,Abnormal
image11156.jpg,Abnormal,Abnormal
image11157.jpg,Abnormal,Abnormal
image11158.jpg,Abnormal,Abnormal
image11159.jpg,Abnormal,Abnormal
image11160.jpg,Abnormal,Abnormal
image11161.jpg,Abnormal,Abnormal
image11162.jpg,Abnormal,Abnormal
image11163.jpg,Abnormal,Abnormal
image11164.jpg,Abnormal,Abnormal
image11165.jpg,Abnormal,Abnormal
image11166.jpg,Abnormal,Abnormal
image11167.jpg,Abnormal,Abnormal
image11168.jpg,Abnormal,Abnormal
image11169.jpg,Abnormal,Abnormal
image11170.jpg,Abnormal,Abnormal
image11171.jpg,Abnormal,Abnormal
image11172.jpg,Abnormal,Abnormal
image11173.jpg,Abnormal,Abnormal
image11174.jpg,Abnormal,Abnormal
image11175.jpg,Abnormal,Abnormal
image11176.jpg,Abnormal,Abnormal
image11177.jpg,Abnormal,Abnormal
image11178.jpg,Abnormal,Abnormal
image11179.jpg,Abnormal,Abnormal
image11180.jpg,Abnormal,Abnormal
image11181.jpg,Abnormal,Abnormal
image11182.jpg,Abnormal,Abnormal
image11183.jpg,Abnormal,Abnormal
image11184.jpg,Abnormal,Abnormal
image11185.jpg,Abnormal,Abnormal
image11186.jpg,Abnormal,Abnormal
image11187.jpg,Abnormal,Abnormal
image11188.jpg,Abnormal,Abnormal
image11189.jpg,Abnormal,Abnormal
image11190.jpg,Abnormal,Abnormal
image11191.jpg,Abnormal,Abnormal
image11192.jpg,Abnormal,Abnormal
image11193.jpg,Abnormal,Abnormal
image11194.jpg,Abnormal,Abnormal
image11195.jpg,Abnormal,Abnormal
image11196.jpg,Abnormal,Abnormal
image11197.jpg,Abnormal,Abnormal
image11198.jpg,Abnormal,Abnormal
image11199.jpg,Abnormal,Abnormal
image11200.jpg,Abnormal,Abnormal
image11201.jpg,Abnormal,Abnormal
image11202.jpg,Abnormal,Abnormal
image11203.jpg,Abnormal,Abnormal
image11204.jpg,Abnormal,Abnormal
image11205.jpg,Abnormal,Abnormal
image11206.jpg,Abnormal,Abnormal
image11207.jpg,Abnormal,Abnormal
image11208.jpg,Abnormal,Abnormal
image11209.jpg,Abnormal,Abnormal
image11210.jpg,Abnormal,Abnormal
image11211.jpg,Abnormal,Abnormal
image11212.jpg,Abnormal,Abnormal
image11213.jpg,Abnormal,Abnormal
image11214.jpg,Abnormal,Abnormal
image11215.jpg,Normal,Abnormal
image11216.jpg,Abnormal,Abnormal
image11217.jpg,Abnormal,Abnormal
image11218.jpg,Abnormal,Abnormal
image11219.jpg,Abnormal,Abnormal
image11220.jpg,Abnormal,Abnormal
image11221.jpg,Abnormal,Abnormal
image11222.jpg,Abnormal,Abnormal
image11223.jpg,Abnormal,Abnormal
image11224.jpg,Abnormal,Abnormal
image11225.jpg,Abnormal,Abnormal
image11226.jpg,Abnormal,Abnormal
image11227.jpg,Normal,Abnormal
image11228.jpg,Abnormal,Abnormal
image11229.jpg,Abnormal,Normal
image11230.jpg,Abnormal,Normal
image11231.jpg,Abnormal,Abnormal
image11232.jpg,Abnormal,Normal
image11233.jpg,Abnormal,Normal
image11234.jpg,Abnormal,Abnormal
image11235.jpg,Abnormal,Normal
image11236.jpg,Abnormal,Abnormal
image11237.jpg,Abnormal,Abnormal
image11238.jpg,Normal,Abnormal
image11239.jpg,Normal,Abnormal
image11240.jpg,Normal,Abnormal
image11241.jpg,Abnormal,Abnormal
image11242.jpg,Normal,Abnormal
image11243.jpg,Normal,Abnormal
image11244.jpg,Abnormal,Abnormal
image11245.jpg,Normal,Abnormal
image11246.jpg,Abnormal,Abnormal
image11247.jpg,Abnormal,Abnormal
image11248.jpg,Abnormal,Abnormal
image11249.jpg,Abnormal,Abnormal
image11250.jpg,Abnormal,Abnormal
image11251.jpg,Abnormal,Abnormal
image11252.jpg,Abnormal,Normal
image11253.jpg,Normal,Abnormal
image11254.jpg,Abnormal,Abnormal
image11255.jpg,Normal,Abnormal
image11256.jpg,Normal,Abnormal
image11257.jpg,Normal,Abnormal
image11258.jpg,Abnormal,Abnormal
image11259.jpg,Normal,Abnormal
image11260.jpg,Abnormal,Abnormal
image11261.jpg,Abnormal,Abnormal
image11262.jpg,Abnormal,Abnormal
image11263.jpg,Normal,Abnormal
image11264.jpg,Normal,Normal
image11265.jpg,Normal,Abnormal
image11266.jpg,Normal,Abnormal
image11267.jpg,Normal,Normal
image11268.jpg,Normal,Abnormal
image11269.jpg,Normal,Abnormal
image11270.jpg,Normal,Abnormal
image11271.jpg,Abnormal,Abnormal
image11272.jpg,Abnormal,Abnormal
image11273.jpg,Normal,Abnormal
image11274.jpg,Abnormal,Normal
image11275.jpg,Normal,Abnormal
image11276.jpg,Normal,Abnormal
image11277.jpg,Normal,Abnormal
image11278.jpg,Abnormal,Abnormal
image11279.jpg,Abnormal,Abnormal
image11280.jpg,Abnormal,Abnormal
image11281.jpg,Normal,Normal
image11282.jpg,Normal,Abnormal
image11283.jpg,Abnormal,Abnormal
image11284.jpg,Abnormal,Abnormal
image11285.jpg,Abnormal,Abnormal
image11286.jpg,Normal,Abnormal
image11287.jpg,Normal,Abnormal
image11288.jpg,Abnormal,Abnormal
image11289.jpg,Normal,Abnormal
image11290.jpg,Abnormal,Abnormal
image11291.jpg,Normal,Abnormal
image11292.jpg,Abnormal,Abnormal
image11293.jpg,Normal,Abnormal
image11294.jpg,Abnormal,Abnormal
image11295.jpg,Normal,Abnormal
image11296.jpg,Normal,Abnormal
image11297.jpg,Normal,Normal
image11298.jpg,Normal,Abnormal
image11299.jpg,Normal,Abnormal
image11300.jpg,Abnormal,Abnormal
image11301.jpg,Abnormal,Abnormal
image11302.jpg,Abnormal,Abnormal
image11303.jpg,Normal,Abnormal
image11304.jpg,Normal,Abnormal
image11305.jpg,Abnormal,Abnormal
image11306.jpg,Normal,Abnormal
image11307.jpg,Abnormal,Abnormal
image11308.jpg,Abnormal,Abnormal
image11309.jpg,Abnormal,Abnormal
image11310.jpg,Normal,Abnormal
image11311.jpg,Abnormal,Abnormal
image11312.jpg,Abnormal,Abnormal
image11313.jpg,Normal,Abnormal
image11314.jpg,Abnormal,Abnormal
image11315.jpg,Abnormal,Abnormal
image11316.jpg,Normal,Abnormal
image11317.jpg,Abnormal,Abnormal
image11318.jpg,Abnormal,Abnormal
image11319.jpg,Normal,Abnormal
image11320.jpg,Abnormal,Abnormal
image11321.jpg,Normal,Abnormal
image11322.jpg,Abnormal,Abnormal
image11323.jpg,Abnormal,Abnormal
image11324.jpg,Normal,Abnormal
image11325.jpg,Normal,Normal
image11326.jpg,Abnormal,Abnormal
image11327.jpg,Normal,Abnormal
image11328.jpg,Normal,Abnormal
image11329.jpg,Abnormal,Abnormal
image11330.jpg,Normal,Abnormal
image11331.jpg,Abnormal,Abnormal
image11332.jpg,Normal,Abnormal
image11333.jpg,Abnormal,Abnormal
image11334.jpg,Abnormal,Abnormal
image11335.jpg,Abnormal,Abnormal
image11336.jpg,Normal,Abnormal
image11337.jpg,Normal,Abnormal
image11338.jpg,Abnormal,Abnormal
image11339.jpg,Normal,Abnormal
image11340.jpg,Abnormal,Normal
image11341.jpg,Abnormal,Abnormal
image11342.jpg,Abnormal,Abnormal
image11343.jpg,Normal,Abnormal
image11344.jpg,Abnormal,Abnormal
image11345.jpg,Normal,Abnormal
image11346.jpg,Normal,Abnormal
image11347.jpg,Normal,Abnormal
image11348.jpg,Normal,Abnormal
image11349.jpg,Normal,Abnormal
image11350.jpg,Abnormal,Abnormal
image11351.jpg,Normal,Abnormal
image11352.jpg,Normal,Abnormal
image11353.jpg,Abnormal,Abnormal
image11354.jpg,Abnormal,Normal
image11355.jpg,Normal,Abnormal
image11356.jpg,Normal,Abnormal
image11357.jpg,Normal,Abnormal
image11358.jpg,Normal,Abnormal
image11359.jpg,Abnormal,Abnormal
image11360.jpg,Normal,Abnormal
image11361.jpg,Abnormal,Abnormal
image11362.jpg,Normal,Abnormal
image11363.jpg,Abnormal,Abnormal
image11364.jpg,Abnormal,Abnormal
image11365.jpg,Normal,Abnormal
image11366.jpg,Abnormal,Abnormal
image11367.jpg,Normal,Abnormal
image11368.jpg,Abnormal,Abnormal
image11369.jpg,Normal,Abnormal
image11370.jpg,Abnormal,Abnormal
image11371.jpg,Abnormal,Abnormal
image11372.jpg,Normal,Abnormal
image11373.jpg,Abnormal,Abnormal
image11374.jpg,Normal,Normal
image11375.jpg,Abnormal,Abnormal
image11376.jpg,Abnormal,Abnormal
image11377.jpg,Normal,Abnormal
image11378.jpg,Normal,Abnormal
image11379.jpg,Normal,Abnormal
image11380.jpg,Abnormal,Abnormal
image11381.jpg,Abnormal,Abnormal
image11382.jpg,Abnormal,Abnormal
image11383.jpg,Normal,Normal
image11384.jpg,Abnormal,Abnormal
image11385.jpg,Abnormal,Abnormal
image11386.jpg,Normal,Abnormal
image11387.jpg,Abnormal,Abnormal
image11388.jpg,Normal,Normal
image11389.jpg,Normal,Abnormal
image11390.jpg,Abnormal,Abnormal
image11391.jpg,Normal,Abnormal
image11392.jpg,Normal,Abnormal
image11393.jpg,Normal,Abnormal
image11394.jpg,Normal,Abnormal
image11395.jpg,Abnormal,Abnormal
image11396.jpg,Abnormal,Abnormal
image11397.jpg,Normal,Abnormal
image11398.jpg,Abnormal,Abnormal
image11399.jpg,Abnormal,Abnormal
image11400.jpg,Normal,Abnormal
image11401.jpg,Abnormal,Abnormal
image11402.jpg,Normal,Abnormal
image11403.jpg,Normal,Abnormal
image11404.jpg,Abnormal,Abnormal
image11405.jpg,Abnormal,Abnormal
image11406.jpg,Normal,Abnormal
image11407.jpg,Normal,Abnormal
image11408.jpg,Normal,Abnormal
image11409.jpg,Abnormal,Abnormal
image11410.jpg,Abnormal,Abnormal
image11411.jpg,Normal,Abnormal
image11412.jpg,Abnormal,Abnormal
image11413.jpg,Abnormal,Abnormal
image11414.jpg,Abnormal,Abnormal
image11415.jpg,Normal,Abnormal
image11416.jpg,Normal,Abnormal
image11417.jpg,Normal,Abnormal
image11418.jpg,Abnormal,Normal
image11419.jpg,Abnormal,Abnormal
image11420.jpg,Abnormal,Abnormal
image11421.jpg,Normal,Abnormal
image11422.jpg,Abnormal,Abnormal
image11423.jpg,Abnormal,Normal
image11424.jpg,Abnormal,Abnormal
image11425.jpg,Abnormal,Abnormal
image11426.jpg,Normal,Abnormal
image11427.jpg,Normal,Abnormal
image11428.jpg,Normal,Abnormal
image11429.jpg,Abnormal,Abnormal
image11430.jpg,Abnormal,Abnormal
image11431.jpg,Normal,Abnormal
image11432.jpg,Abnormal,Abnormal
image11433.jpg,Abnormal,Abnormal
image11434.jpg,Abnormal,Abnormal
image11435.jpg,Normal,Abnormal
image11436.jpg,Abnormal,Abnormal
image11437.jpg,Abnormal,Normal
image11438.jpg,Normal,Abnormal
image11439.jpg,Normal,Abnormal
image11440.jpg,Normal,Abnormal
image11441.jpg,Normal,Abnormal
image11442.jpg,Abnormal,Abnormal
image11443.jpg,Normal,Abnormal
image11444.jpg,Abnormal,Abnormal
image11445.jpg,Normal,Abnormal
image11446.jpg,Normal,Normal
image11447.jpg,Abnormal,Abnormal
image11448.jpg,Normal,Abnormal
image11449.jpg,Normal,Abnormal
image11450.jpg,Normal,Abnormal
image11451.jpg,Abnormal,Abnormal
image11452.jpg,Abnormal,Abnormal
image11453.jpg,Normal,Abnormal
image11454.jpg,Normal,Abnormal
image11455.jpg,Abnormal,Abnormal
image11456.jpg,Abnormal,Abnormal
image11457.jpg,Abnormal,Abnormal
image11458.jpg,Normal,Abnormal
image11459.jpg,Normal,Abnormal
image11460.jpg,Normal,Abnormal
image11461.jpg,Abnormal,Abnormal
image11462.jpg,Abnormal,Abnormal
image11463.jpg,Abnormal,Abnormal
image11464.jpg,Abnormal,Abnormal
image11465.jpg,Abnormal,Abnormal
image11466.jpg,Normal,Abnormal
image11467.jpg,Normal,Abnormal
